{
    "name": "root",
    "gauges": {
        "CapsuleLanding.Policy.Entropy.mean": {
            "value": 0.9427679181098938,
            "min": 0.7821627855300903,
            "max": 0.9427679181098938,
            "count": 5
        },
        "CapsuleLanding.Policy.Entropy.sum": {
            "value": 8069.150390625,
            "min": 5354.27783203125,
            "max": 8069.150390625,
            "count": 5
        },
        "CapsuleLanding.Environment.EpisodeLength.mean": {
            "value": 167.83673469387756,
            "min": 164.98,
            "max": 172.0,
            "count": 5
        },
        "CapsuleLanding.Environment.EpisodeLength.sum": {
            "value": 8224.0,
            "min": 5208.0,
            "max": 8249.0,
            "count": 5
        },
        "CapsuleLanding.Step.mean": {
            "value": 1605630.0,
            "min": 1572778.0,
            "max": 1605630.0,
            "count": 5
        },
        "CapsuleLanding.Step.sum": {
            "value": 1605630.0,
            "min": 1572778.0,
            "max": 1605630.0,
            "count": 5
        },
        "CapsuleLanding.Policy.ExtrinsicValueEstimate.mean": {
            "value": 2.490598440170288,
            "min": 2.4297702312469482,
            "max": 2.490598440170288,
            "count": 5
        },
        "CapsuleLanding.Policy.ExtrinsicValueEstimate.sum": {
            "value": 122.03932189941406,
            "min": 71.20993041992188,
            "max": 122.03932189941406,
            "count": 5
        },
        "CapsuleLanding.Environment.CumulativeReward.mean": {
            "value": 8.10204230522623,
            "min": 7.842001402378083,
            "max": 8.165958871232702,
            "count": 5
        },
        "CapsuleLanding.Environment.CumulativeReward.sum": {
            "value": 397.0000729560852,
            "min": 235.90004444122314,
            "max": 397.0000729560852,
            "count": 5
        },
        "CapsuleLanding.Policy.ExtrinsicReward.mean": {
            "value": 8.10204230522623,
            "min": 7.842001402378083,
            "max": 8.165958871232702,
            "count": 5
        },
        "CapsuleLanding.Policy.ExtrinsicReward.sum": {
            "value": 397.0000729560852,
            "min": 235.90004444122314,
            "max": 397.0000729560852,
            "count": 5
        },
        "CapsuleLanding.Losses.PolicyLoss.mean": {
            "value": 0.051633760139035687,
            "min": 0.04496896364920151,
            "max": 0.051633760139035687,
            "count": 5
        },
        "CapsuleLanding.Losses.PolicyLoss.sum": {
            "value": 0.20653504055614275,
            "min": 0.09627759899012744,
            "max": 0.20653504055614275,
            "count": 5
        },
        "CapsuleLanding.Losses.ValueLoss.mean": {
            "value": 0.018693269734891754,
            "min": 0.014903443128181001,
            "max": 0.04567965577977399,
            "count": 5
        },
        "CapsuleLanding.Losses.ValueLoss.sum": {
            "value": 0.07477307893956701,
            "min": 0.029806886256362002,
            "max": 0.13703896733932197,
            "count": 5
        },
        "CapsuleLanding.Policy.LearningRate.mean": {
            "value": 0.00025196704601098996,
            "min": 0.00025196704601098996,
            "max": 0.000252868890710375,
            "count": 5
        },
        "CapsuleLanding.Policy.LearningRate.sum": {
            "value": 0.0010078681840439598,
            "min": 0.00050573778142075,
            "max": 0.0010107052230982798,
            "count": 5
        },
        "CapsuleLanding.Policy.Epsilon.mean": {
            "value": 0.18398901,
            "min": 0.18398901,
            "max": 0.184289625,
            "count": 5
        },
        "CapsuleLanding.Policy.Epsilon.sum": {
            "value": 0.73595604,
            "min": 0.36857925,
            "max": 0.73690172,
            "count": 5
        },
        "CapsuleLanding.Policy.Beta.mean": {
            "value": 0.0008414911990000001,
            "min": 0.0008414911990000001,
            "max": 0.0008444672874999999,
            "count": 5
        },
        "CapsuleLanding.Policy.Beta.sum": {
            "value": 0.0033659647960000002,
            "min": 0.0016889345749999999,
            "max": 0.003375327028,
            "count": 5
        },
        "CapsuleLanding.IsTraining.mean": {
            "value": 1.0,
            "min": 1.0,
            "max": 1.0,
            "count": 5
        },
        "CapsuleLanding.IsTraining.sum": {
            "value": 1.0,
            "min": 1.0,
            "max": 1.0,
            "count": 5
        }
    },
    "metadata": {
        "timer_format_version": "0.1.0",
        "start_time_seconds": "1646913201",
        "python_version": "3.7.6 (tags/v3.7.6:43364a7ae0, Dec 19 2019, 00:42:30) [MSC v.1916 64 bit (AMD64)]",
        "command_line_arguments": "C:\\Users\\juanm\\Unity Projects\\Capsule Landing\\.venv\\Scripts\\mlagents-learn config\\CapsuleLanding.yaml --run-id=CapsuleLanding --resume",
        "mlagents_version": "0.28.0",
        "mlagents_envs_version": "0.28.0",
        "communication_protocol_version": "1.5.0",
        "pytorch_version": "1.7.1+cu110",
        "numpy_version": "1.21.5",
        "end_time_seconds": "1646913443"
    },
    "total": 242.2488224,
    "count": 1,
    "self": 0.015785900000025777,
    "children": {
        "run_training.setup": {
            "total": 0.20404920000000004,
            "count": 1,
            "self": 0.20404920000000004
        },
        "TrainerController.start_learning": {
            "total": 242.02898729999998,
            "count": 1,
            "self": 0.08992809999986662,
            "children": {
                "TrainerController._reset_env": {
                    "total": 17.918543200000002,
                    "count": 1,
                    "self": 17.918543200000002
                },
                "TrainerController.advance": {
                    "total": 223.95616070000008,
                    "count": 2101,
                    "self": 0.10010659999983318,
                    "children": {
                        "env_step": {
                            "total": 182.84447640000008,
                            "count": 2101,
                            "self": 155.1085968000006,
                            "children": {
                                "SubprocessEnvManager._take_step": {
                                    "total": 27.67995049999973,
                                    "count": 2101,
                                    "self": 0.3436933999991254,
                                    "children": {
                                        "TorchPolicy.evaluate": {
                                            "total": 27.336257100000605,
                                            "count": 2101,
                                            "self": 3.404159400000541,
                                            "children": {
                                                "TorchPolicy.sample_actions": {
                                                    "total": 23.932097700000064,
                                                    "count": 2101,
                                                    "self": 23.932097700000064
                                                }
                                            }
                                        }
                                    }
                                },
                                "workers": {
                                    "total": 0.05592909999971951,
                                    "count": 2100,
                                    "self": 0.0,
                                    "children": {
                                        "worker_root": {
                                            "total": 163.14402429999996,