{
    "name": "root",
    "gauges": {
        "CapsuleLanding.Policy.Entropy.mean": {
            "value": 0.7206342816352844,
            "min": 0.5943024158477783,
            "max": 1.2576024532318115,
            "count": 37
        },
        "CapsuleLanding.Policy.Entropy.sum": {
            "value": 5919.2900390625,
            "min": 2498.485595703125,
            "max": 10269.58203125,
            "count": 37
        },
        "CapsuleLanding.Step.mean": {
            "value": 1269533.0,
            "min": 974610.0,
            "max": 1269533.0,
            "count": 37
        },
        "CapsuleLanding.Step.sum": {
            "value": 1269533.0,
            "min": 974610.0,
            "max": 1269533.0,
            "count": 37
        },
        "CapsuleLanding.Policy.ExtrinsicValueEstimate.mean": {
            "value": 3.467249870300293,
            "min": 2.5387940406799316,
            "max": 3.7500548362731934,
            "count": 37
        },
        "CapsuleLanding.Policy.ExtrinsicValueEstimate.sum": {
            "value": 142.15724182128906,
            "min": 44.800140380859375,
            "max": 154.77198791503906,
            "count": 37
        },
        "CapsuleLanding.Environment.EpisodeLength.mean": {
            "value": 452.05882352941177,
            "min": 316.4230769230769,
            "max": 607.3571428571429,
            "count": 37
        },
        "CapsuleLanding.Environment.EpisodeLength.sum": {
            "value": 7685.0,
            "min": 2819.0,
            "max": 8790.0,
            "count": 37
        },
        "CapsuleLanding.Environment.CumulativeReward.mean": {
            "value": 23.180559304025437,
            "min": 14.991306758445242,
            "max": 31.346158962983353,
            "count": 37
        },
        "CapsuleLanding.Environment.CumulativeReward.sum": {
            "value": 417.2500674724579,
            "min": 122.35001993179321,
            "max": 434.3500726222992,
            "count": 37
        },
        "CapsuleLanding.Policy.ExtrinsicReward.mean": {
            "value": 23.180559304025437,
            "min": 14.991306758445242,
            "max": 31.346158962983353,
            "count": 37
        },
        "CapsuleLanding.Policy.ExtrinsicReward.sum": {
            "value": 417.2500674724579,
            "min": 122.35001993179321,
            "max": 434.3500726222992,
            "count": 37
        },
        "CapsuleLanding.Losses.PolicyLoss.mean": {
            "value": 0.050343384093139314,
            "min": 0.039005163397329554,
            "max": 0.05736936137287154,
            "count": 37
        },
        "CapsuleLanding.Losses.PolicyLoss.sum": {
            "value": 0.20137353637255725,
            "min": 0.04868665096970896,
            "max": 0.2175860545054699,
            "count": 37
        },
        "CapsuleLanding.Losses.ValueLoss.mean": {
            "value": 0.04285156852468693,
            "min": 0.013753508610534482,
            "max": 0.2989338119126236,
            "count": 37
        },
        "CapsuleLanding.Losses.ValueLoss.sum": {
            "value": 0.17140627409874773,
            "min": 0.04539592587389052,
            "max": 1.1957352476504943,
            "count": 37
        },
        "CapsuleLanding.Policy.LearningRate.mean": {
            "value": 0.00026203809515397246,
            "min": 0.00026203809515397246,
            "max": 0.00027078456973848,
            "count": 37
        },
        "CapsuleLanding.Policy.LearningRate.sum": {
            "value": 0.0010481523806158898,
            "min": 0.00027078456973848,
            "max": 0.0010824833791722199,
            "count": 37
        },
        "CapsuleLanding.Policy.Epsilon.mean": {
            "value": 0.18734602749999998,
            "min": 0.18734602749999998,
            "max": 0.19026152000000005,
            "count": 37
        },
        "CapsuleLanding.Policy.Epsilon.sum": {
            "value": 0.7493841099999999,
            "min": 0.19026152000000005,
            "max": 0.7608277800000001,
            "count": 37
        },
        "CapsuleLanding.Policy.Beta.mean": {
            "value": 0.0008747256722499999,
            "min": 0.0008747256722499999,
            "max": 0.0009035890480000001,
            "count": 37
        },
        "CapsuleLanding.Policy.Beta.sum": {
            "value": 0.0034989026889999998,
            "min": 0.0009035890480000001,
            "max": 0.003612195022,
            "count": 37
        },
        "CapsuleLanding.IsTraining.mean": {
            "value": 1.0,
            "min": 1.0,
            "max": 1.0,
            "count": 37
        },
        "CapsuleLanding.IsTraining.sum": {
            "value": 1.0,
            "min": 1.0,
            "max": 1.0,
            "count": 37
        }
    },
    "metadata": {
        "timer_format_version": "0.1.0",
        "start_time_seconds": "1645392568",
        "python_version": "3.7.6 (tags/v3.7.6:43364a7ae0, Dec 19 2019, 00:42:30) [MSC v.1916 64 bit (AMD64)]",
        "command_line_arguments": "C:\\Users\\juanm\\Unity Projects\\Capsule Landing\\.venv\\Scripts\\mlagents-learn config/CapsuleLanding.yaml --run-id=CapsuleLanding --resume",
        "mlagents_version": "0.28.0",
        "mlagents_envs_version": "0.28.0",
        "communication_protocol_version": "1.5.0",
        "pytorch_version": "1.7.1+cu110",
        "numpy_version": "1.21.5",
        "end_time_seconds": "1645400945"
    },
    "total": 8381.3091654,
    "count": 1,
    "self": 0.017835799997556023,
    "children": {
        "run_training.setup": {
            "total": 0.1385424999999998,
            "count": 1,
            "self": 0.1385424999999998
        },
        "TrainerController.start_learning": {
            "total": 8381.152787100002,
            "count": 1,
            "self": 9.987190399851897,
            "children": {
                "TrainerController._reset_env": {
                    "total": 5.654022400000001,
                    "count": 1,
                    "self": 5.654022400000001
                },
                "TrainerController.advance": {
                    "total": 8365.142805500149,
                    "count": 298510,
                    "self": 10.373937000376827,
                    "children": {
                        "env_step": {
                            "total": 8126.086224300053,
                            "count": 298510,
                            "self": 2058.239703299966,
                            "children": {
                                "SubprocessEnvManager._take_step": {
                                    "total": 6061.516091700056,
                                    "count": 298511,
                                    "self": 30.550705399798062,
                                    "children": {
                                        "TorchPolicy.evaluate": {
                                            "total": 6030.965386300258,
                                            "count": 298511,
                                            "self": 3322.4465417003466,
                                            "children": {
                                                "TorchPolicy.sample_actions": {
                                                    "total": 2708.518844599911,
                                                    "count": 298511,
                                                    "self": 2708.518844599911
                                                }
                                            }
                                        }
                                    }
                                },
                                "workers": {
                                    "total": 6.330429300031106,
                                    "count": 298510,
                                    "self": 0.0,