{
    "name": "root",
    "gauges": {
        "CapsuleLanding.Policy.Entropy.mean": {
            "value": 0.6416460275650024,
            "min": 0.6416460275650024,
            "max": 0.7358373999595642,
            "count": 18
        },
        "CapsuleLanding.Policy.Entropy.sum": {
            "value": 4777.0546875,
            "min": 3035.4736328125,
            "max": 6408.48486328125,
            "count": 18
        },
        "CapsuleLanding.Environment.EpisodeLength.mean": {
            "value": 175.7173913043478,
            "min": 159.21428571428572,
            "max": 184.25,
            "count": 18
        },
        "CapsuleLanding.Environment.EpisodeLength.sum": {
            "value": 8083.0,
            "min": 2229.0,
            "max": 8390.0,
            "count": 18
        },
        "CapsuleLanding.Step.mean": {
            "value": 2383786.0,
            "min": 2244560.0,
            "max": 2383786.0,
            "count": 18
        },
        "CapsuleLanding.Step.sum": {
            "value": 2383786.0,
            "min": 2244560.0,
            "max": 2383786.0,
            "count": 18
        },
        "CapsuleLanding.Policy.ExtrinsicValueEstimate.mean": {
            "value": 2.4687540531158447,
            "min": 2.4178335666656494,
            "max": 2.6628847122192383,
            "count": 18
        },
        "CapsuleLanding.Policy.ExtrinsicValueEstimate.sum": {
            "value": 113.56268310546875,
            "min": 29.014001846313477,
            "max": 120.11261749267578,
            "count": 18
        },
        "CapsuleLanding.Environment.CumulativeReward.mean": {
            "value": 8.450001364168914,
            "min": 7.683334509531657,
            "max": 8.957779513465034,
            "count": 18
        },
        "CapsuleLanding.Environment.CumulativeReward.sum": {
            "value": 388.70006275177,
            "min": 92.20001411437988,
            "max": 408.500075340271,
            "count": 18
        },
        "CapsuleLanding.Policy.ExtrinsicReward.mean": {
            "value": 8.450001364168914,
            "min": 7.683334509531657,
            "max": 8.957779513465034,
            "count": 18
        },
        "CapsuleLanding.Policy.ExtrinsicReward.sum": {
            "value": 388.70006275177,
            "min": 92.20001411437988,
            "max": 408.500075340271,
            "count": 18
        },
        "CapsuleLanding.IsTraining.mean": {
            "value": 1.0,
            "min": 1.0,
            "max": 1.0,
            "count": 18
        },
        "CapsuleLanding.IsTraining.sum": {
            "value": 1.0,
            "min": 1.0,
            "max": 1.0,
            "count": 18
        },
        "CapsuleLanding.Losses.PolicyLoss.mean": {
            "value": 0.05167956070120757,
            "min": 0.042407118424307555,
            "max": 0.05358344825548062,
            "count": 17
        },
        "CapsuleLanding.Losses.PolicyLoss.sum": {
            "value": 0.20671824280483028,
            "min": 0.13962841631534198,
            "max": 0.21118557212563852,
            "count": 17
        },
        "CapsuleLanding.Losses.ValueLoss.mean": {
            "value": 0.021008638257626444,
            "min": 0.00981791689991951,
            "max": 0.04080820008433268,
            "count": 17
        },
        "CapsuleLanding.Losses.ValueLoss.sum": {
            "value": 0.08403455303050578,
            "min": 0.02945375069975853,
            "max": 0.16323280033733073,
            "count": 17
        },
        "CapsuleLanding.Policy.LearningRate.mean": {
            "value": 0.000228589328803565,
            "min": 0.000228589328803565,
            "max": 0.00023255723248093,
            "count": 17
        },
        "CapsuleLanding.Policy.LearningRate.sum": {
            "value": 0.00091435731521426,
            "min": 0.0006880286206571501,
            "max": 0.00093022892992372,
            "count": 17
        },
        "CapsuleLanding.Policy.Epsilon.mean": {
            "value": 0.176196435,
            "min": 0.176196435,
            "max": 0.17751907,
            "count": 17
        },
        "CapsuleLanding.Policy.Epsilon.sum": {
            "value": 0.70478574,
            "min": 0.5293428500000001,
            "max": 0.71007628,
            "count": 17
        },
        "CapsuleLanding.Policy.Beta.mean": {
            "value": 0.0007643447065,
            "min": 0.0007643447065,
            "max": 0.0007774387930000001,
            "count": 17
        },
        "CapsuleLanding.Policy.Beta.sum": {
            "value": 0.003057378826,
            "min": 0.002300494215,
            "max": 0.0031097551720000003,
            "count": 17
        }
    },
    "metadata": {
        "timer_format_version": "0.1.0",
        "start_time_seconds": "1647020111",
        "python_version": "3.7.6 (tags/v3.7.6:43364a7ae0, Dec 19 2019, 00:42:30) [MSC v.1916 64 bit (AMD64)]",
        "command_line_arguments": "C:\\Users\\juanm\\Unity Projects\\Capsule Landing\\.venv\\Scripts\\mlagents-learn config/CapsuleLanding.yaml --run-id=CapsuleLanding --resume",
        "mlagents_version": "0.28.0",
        "mlagents_envs_version": "0.28.0",
        "communication_protocol_version": "1.5.0",
        "pytorch_version": "1.7.1+cu110",
        "numpy_version": "1.21.5",
        "end_time_seconds": "1647020697"
    },
    "total": 585.926799,
    "count": 1,
    "self": 0.01214119999997365,
    "children": {
        "run_training.setup": {
            "total": 0.12210049999999995,
            "count": 1,
            "self": 0.12210049999999995
        },
        "TrainerController.start_learning": {
            "total": 585.7925573,
            "count": 1,
            "self": 0.16648990000078356,
            "children": {
                "TrainerController._reset_env": {
                    "total": 60.0956287,
                    "count": 1,
                    "self": 60.0956287
                },
                "TrainerController.advance": {
                    "total": 525.1982493999992,
                    "count": 6317,
                    "self": 0.18660649999765155,
                    "children": {
                        "env_step": {
                            "total": 454.1503780000011,
                            "count": 6317,
                            "self": 408.04537019999873,
                            "children": {
                                "SubprocessEnvManager._take_step": {
                                    "total": 45.99580310000327,
                                    "count": 6317,
                                    "self": 0.5613254000004559,
                                    "children": {
                                        "TorchPolicy.evaluate": {
                                            "total": 45.434477700002816,
                                            "count": 6317,
                                            "self": 5.870181300002322,
                                            "children": {
                                                "TorchPolicy.sample_actions": {
                                                    "total": 39.564296400000494,
                                                    "count": 6317,
                                                    "self": 39.564296400000494
                                                }
                                            }
                                        }
                                    }
                                },
                                "workers": {
                                    "total": 0.10920469999912541,
                                    "count": 6316,
                                    "self": 0.0,
                                    "children": {
                                        "worker_root": {
                                            "total": 516.5767878000006,
                                            "count": 6316,