{
    "name": "root",
    "gauges": {
        "CapsuleLanding.Policy.Entropy.mean": {
            "value": 2.7513880729675293,
            "min": 2.7513880729675293,
            "max": 2.7513880729675293,
            "count": 1
        },
        "CapsuleLanding.Policy.Entropy.sum": {
            "value": 22974.08984375,
            "min": 22974.08984375,
            "max": 22974.08984375,
            "count": 1
        },
        "CapsuleLanding.Environment.EpisodeLength.mean": {
            "value": 251.9375,
            "min": 251.9375,
            "max": 251.9375,
            "count": 1
        },
        "CapsuleLanding.Environment.EpisodeLength.sum": {
            "value": 8062.0,
            "min": 8062.0,
            "max": 8062.0,
            "count": 1
        },
        "CapsuleLanding.Step.mean": {
            "value": 8094.0,
            "min": 8094.0,
            "max": 8094.0,
            "count": 1
        },
        "CapsuleLanding.Step.sum": {
            "value": 8094.0,
            "min": 8094.0,
            "max": 8094.0,
            "count": 1
        },
        "CapsuleLanding.Policy.ExtrinsicValueEstimate.mean": {
            "value": -0.009341099299490452,
            "min": -0.009341099299490452,
            "max": -0.009341099299490452,
            "count": 1
        },
        "CapsuleLanding.Policy.ExtrinsicValueEstimate.sum": {
            "value": -0.46705496311187744,
            "min": -0.46705496311187744,
            "max": -0.46705496311187744,
            "count": 1
        },
        "CapsuleLanding.Environment.CumulativeReward.mean": {
            "value": 0.0,
            "min": 0.0,
            "max": 0.0,
            "count": 1
        },
        "CapsuleLanding.Environment.CumulativeReward.sum": {
            "value": 0.0,
            "min": 0.0,
            "max": 0.0,
            "count": 1
        },
        "CapsuleLanding.Policy.ExtrinsicReward.mean": {
            "value": 0.0,
            "min": 0.0,
            "max": 0.0,
            "count": 1
        },
        "CapsuleLanding.Policy.ExtrinsicReward.sum": {
            "value": 0.0,
            "min": 0.0,
            "max": 0.0,
            "count": 1
        },
        "CapsuleLanding.Losses.PolicyLoss.mean": {
            "value": 0.04746490531963193,
            "min": 0.04746490531963193,
            "max": 0.04746490531963193,
            "count": 1
        },
        "CapsuleLanding.Losses.PolicyLoss.sum": {
            "value": 0.14239471595889577,
            "min": 0.14239471595889577,
            "max": 0.14239471595889577,
            "count": 1
        },
        "CapsuleLanding.Losses.ValueLoss.mean": {
            "value": 0.0029988512146196123,
            "min": 0.0029988512146196123,
            "max": 0.0029988512146196123,
            "count": 1
        },
        "CapsuleLanding.Losses.ValueLoss.sum": {
            "value": 0.008996553643858837,
            "min": 0.008996553643858837,
            "max": 0.008996553643858837,
            "count": 1
        },
        "CapsuleLanding.Policy.LearningRate.mean": {
            "value": 0.00029987028004324,
            "min": 0.00029987028004324,
            "max": 0.00029987028004324,
            "count": 1
        },
        "CapsuleLanding.Policy.LearningRate.sum": {
            "value": 0.00089961084012972,
            "min": 0.00089961084012972,
            "max": 0.00089961084012972,
            "count": 1
        },
        "CapsuleLanding.Policy.Epsilon.mean": {
            "value": 0.19995676000000004,
            "min": 0.19995676000000004,
            "max": 0.19995676000000004,
            "count": 1
        },
        "CapsuleLanding.Policy.Epsilon.sum": {
            "value": 0.5998702800000001,
            "min": 0.5998702800000001,
            "max": 0.5998702800000001,
            "count": 1
        },
        "CapsuleLanding.Policy.Beta.mean": {
            "value": 0.000999571924,
            "min": 0.000999571924,
            "max": 0.000999571924,
            "count": 1
        },
        "CapsuleLanding.Policy.Beta.sum": {
            "value": 0.0029987157720000003,
            "min": 0.0029987157720000003,
            "max": 0.0029987157720000003,
            "count": 1
        },
        "CapsuleLanding.IsTraining.mean": {
            "value": 1.0,
            "min": 1.0,
            "max": 1.0,
            "count": 1
        },
        "CapsuleLanding.IsTraining.sum": {
            "value": 1.0,
            "min": 1.0,
            "max": 1.0,
            "count": 1
        }
    },
    "metadata": {
        "timer_format_version": "0.1.0",
        "start_time_seconds": "1646674006",
        "python_version": "3.7.6 (tags/v3.7.6:43364a7ae0, Dec 19 2019, 00:42:30) [MSC v.1916 64 bit (AMD64)]",
        "command_line_arguments": "C:\\Users\\juanm\\Unity Projects\\Capsule Landing\\.venv\\Scripts\\mlagents-learn config\\CapsuleLanding.yaml --run-id=CapsuleLanding --force",
        "mlagents_version": "0.28.0",
        "mlagents_envs_version": "0.28.0",
        "communication_protocol_version": "1.5.0",
        "pytorch_version": "1.7.1+cu110",
        "numpy_version": "1.21.5",
        "end_time_seconds": "1646674306"
    },
    "total": 300.46325229999997,
    "count": 1,
    "self": 0.010785399999974743,
    "children": {
        "run_training.setup": {
            "total": 0.10138439999999993,
            "count": 1,
            "self": 0.10138439999999993
        },
        "TrainerController.start_learning": {
            "total": 300.3510825,
            "count": 1,
            "self": 0.4172716000020955,
            "children": {
                "TrainerController._reset_env": {
                    "total": 7.4450194,
                    "count": 1,
                    "self": 7.4450194
                },
                "TrainerController.advance": {
                    "total": 292.19327589999796,
                    "count": 15202,
                    "self": 0.43754359999906,
                    "children": {
                        "env_step": {
                            "total": 283.4231371000003,
                            "count": 15202,
                            "self": 154.7427863000009,
                            "children": {
                                "SubprocessEnvManager._take_step": {
                                    "total": 128.41450069999922,
                                    "count": 15202,
                                    "self": 1.2901983000005686,
                                    "children": {
                                        "TorchPolicy.evaluate": {
                                            "total": 127.12430239999865,
                                            "count": 15200,
                                            "self": 18.470669099998375,
                                            "children": {
                                                "TorchPolicy.sample_actions": {
                                                    "total": 108.65363330000028,
                                                    "count": 15200,
                                                    "self": 108.65363330000028
                                                }
                                            }
                                        }
                                    }
                                },
                                "workers": {
                                    "total": 0.26585010000017917,
                                    "count": 15201,
                                    "self": 0.0,
                                    "children": {
                                        "worker_root": {
                                            "total": 221.57730920000066,
                                            "count": 15201,
                                            "is_parallel": true,
                                            "self": 158.12939710000188,