{
    "name": "root",
    "gauges": {
        "CapsuleLanding.Policy.Entropy.mean": {
            "value": 0.4080047011375427,
            "min": 0.38009169697761536,
            "max": 0.5972491502761841,
            "count": 84
        },
        "CapsuleLanding.Policy.Entropy.sum": {
            "value": 3085.33154296875,
            "min": 2528.369873046875,
            "max": 5060.328125,
            "count": 84
        },
        "CapsuleLanding.Step.mean": {
            "value": 39993140.0,
            "min": 39313326.0,
            "max": 39993140.0,
            "count": 84
        },
        "CapsuleLanding.Step.sum": {
            "value": 39993140.0,
            "min": 39313326.0,
            "max": 39993140.0,
            "count": 84
        },
        "CapsuleLanding.Policy.ExtrinsicValueEstimate.mean": {
            "value": 3.5223987102508545,
            "min": 2.575436592102051,
            "max": 4.9757208824157715,
            "count": 84
        },
        "CapsuleLanding.Policy.ExtrinsicValueEstimate.sum": {
            "value": 126.80635070800781,
            "min": 24.878604888916016,
            "max": 158.32867431640625,
            "count": 84
        },
        "CapsuleLanding.IsTraining.mean": {
            "value": 1.0,
            "min": 1.0,
            "max": 1.0,
            "count": 84
        },
        "CapsuleLanding.IsTraining.sum": {
            "value": 1.0,
            "min": 1.0,
            "max": 1.0,
            "count": 84
        },
        "CapsuleLanding.Losses.PolicyLoss.mean": {
            "value": 0.054615406717790325,
            "min": 0.0368742674055048,
            "max": 0.058468405647421784,
            "count": 83
        },
        "CapsuleLanding.Losses.PolicyLoss.sum": {
            "value": 0.2184616268711613,
            "min": 0.05466969347057434,
            "max": 0.2184616268711613,
            "count": 83
        },
        "CapsuleLanding.Losses.ValueLoss.mean": {
            "value": 0.07544382383908939,
            "min": 0.0009539155729819471,
            "max": 0.13047637649057878,
            "count": 83
        },
        "CapsuleLanding.Losses.ValueLoss.sum": {
            "value": 0.30177529535635755,
            "min": 0.0009539155729819471,
            "max": 0.5172094230747057,
            "count": 83
        },
        "CapsuleLanding.Policy.LearningRate.mean": {
            "value": 8.444497188500232e-08,
            "min": 8.444497188500232e-08,
            "max": 5.109833296754992e-06,
            "count": 83
        },
        "CapsuleLanding.Policy.LearningRate.sum": {
            "value": 3.377798875400093e-07,
            "min": 3.377798875400093e-07,
            "max": 1.948514600508249e-05,
            "count": 83
        },
        "CapsuleLanding.Policy.Epsilon.mean": {
            "value": 0.100028115,
            "min": 0.100028115,
            "max": 0.101703245,
            "count": 83
        },
        "CapsuleLanding.Policy.Epsilon.sum": {
            "value": 0.40011246,
            "min": 0.10168660500000004,
            "max": 0.40649491750000005,
            "count": 83
        },
        "CapsuleLanding.Policy.Beta.mean": {
            "value": 1.0278338500000007e-05,
            "min": 1.0278338500000007e-05,
            "max": 2.6862125499999988e-05,
            "count": 83
        },
        "CapsuleLanding.Policy.Beta.sum": {
            "value": 4.1113354000000026e-05,
            "min": 2.6697389499999967e-05,
            "max": 0.00010429968324999997,
            "count": 83
        },
        "CapsuleLanding.Environment.EpisodeLength.mean": {
            "value": 1037.111111111111,
            "min": 763.0,
            "max": 1167.857142857143,
            "count": 82
        },
        "CapsuleLanding.Environment.EpisodeLength.sum": {
            "value": 9334.0,
            "min": 763.0,
            "max": 20184.0,
            "count": 82
        },
        "CapsuleLanding.Environment.CumulativeReward.mean": {
            "value": 48.527785539627075,
            "min": 37.30000591278076,
            "max": 53.10000878572464,
            "count": 82
        },
        "CapsuleLanding.Environment.CumulativeReward.sum": {
            "value": 436.7500698566437,
            "min": 37.30000591278076,
            "max": 913.050141453743,
            "count": 82
        },
        "CapsuleLanding.Policy.ExtrinsicReward.mean": {
            "value": 48.527785539627075,
            "min": 37.30000591278076,
            "max": 53.10000878572464,
            "count": 82
        },
        "CapsuleLanding.Policy.ExtrinsicReward.sum": {
            "value": 436.7500698566437,
            "min": 37.30000591278076,
            "max": 913.050141453743,
            "count": 82
        }
    },
    "metadata": {
        "timer_format_version": "0.1.0",
        "start_time_seconds": "1647536794",
        "python_version": "3.6.2rc2 (v3.6.2rc2:8913311, Jul  8 2017, 02:12:29) [MSC v.1900 64 bit (AMD64)]",
        "command_line_arguments": "C:\\Users\\juanm\\Documents\\GitHub\\RL-capsule-landing\\.venv\\Scripts\\mlagents-learn ./config/CapsuleLanding.yaml --resume",
        "mlagents_version": "0.28.0",
        "mlagents_envs_version": "0.28.0",
        "communication_protocol_version": "1.5.0",
        "pytorch_version": "1.7.1+cu110",
        "numpy_version": "1.19.5",
        "end_time_seconds": "1647540156"
    },
    "total": 3362.554494,
    "count": 1,
    "self": 1.662840899999992,
    "children": {
        "run_training.setup": {
            "total": 0.1607178,
            "count": 1,
            "self": 0.1607178
        },
        "TrainerController.start_learning": {
            "total": 3360.7309353,
            "count": 1,
            "self": 0.5472923999996055,
            "children": {
                "TrainerController._reset_env": {
                    "total": 2.2239909,
                    "count": 1,
                    "self": 2.2239909
                },
                "TrainerController.advance": {
                    "total": 3354.9312449000004,
                    "count": 27288,
                    "self": 0.49755070002493085,
                    "children": {
                        "env_step": {
                            "total": 3104.1528311999955,
                            "count": 27288,
                            "self": 3040.0797240999996,
                            "children": {
                                "SubprocessEnvManager._take_step": {
                                    "total": 63.73357350000232,
                                    "count": 27288,
                                    "self": 1.8097007000167622,
                                    "children": {
                                        "TorchPolicy.evaluate": {
                                            "total": 61.92387279998556,
                                            "count": 27288,
                                            "self": 7.117101099968437,
                                            "children": {
                                                "TorchPolicy.sample_actions": {
                                                    "total": 54.80677170001712,
                                                    "count": 27288,
                                                    "self": 54.80677170001712
                                                }
                                            }
                                        }
                                    }
                                },
                                "workers": {
                                    "total": 0.3395335999935387,
                                    "count": 27288,
                                    "self": 0.0,
                                    "children": {
                                        "worker_root": {
                                            "total": 3353.6111052000037,